LocalTime, GPSTime, ESSID, BSSID, Power, Security, Latitude, Longitude, Latitude Error, Longitude Error
2020-03-05 15:51:10,1900-01-00 00:00:00,,DC:BF:E9:C2:19:11,-34,,0.000000,0.000000,0.000,0.000
2020-03-05 15:51:10,1900-01-00 00:00:00,motox4,DC:BF:E9:C2:19:11,-34,WPA2,0.000000,0.000000,0.000,0.000
2020-03-05 15:51:11,1900-01-00 00:00:00,motox4,DC:BF:E9:C2:19:11,-37,WPA2,0.000000,0.000000,0.000,0.000
2020-03-05 15:51:11,1900-01-00 00:00:00,motox4,DC:BF:E9:C2:19:11,-35,WPA2,0.000000,0.000000,0.000,0.000
2020-03-05 15:51:11,1900-01-00 00:00:00,motox4,DC:BF:E9:C2:19:11,-36,WPA2,0.000000,0.000000,0.000,0.000
2020-03-05 15:51:11,1900-01-00 00:00:00,motox4,DC:BF:E9:C2:19:11,-28,WPA2,0.000000,0.000000,0.000,0.000
2020-03-05 15:51:11,1900-01-00 00:00:00,motox4,DC:BF:E9:C2:19:11,-36,WPA2,0.000000,0.000000,0.000,0.000
2020-03-05 15:51:12,1900-01-00 00:00:00,motox4,DC:BF:E9:C2:19:11,-32,WPA2,0.000000,0.000000,0.000,0.000
2020-03-05 15:51:13,1900-01-00 00:00:00,motox4,DC:BF:E9:C2:19:11,-30,WPA2,0.000000,0.000000,0.000,0.000
2020-03-05 15:51:13,1900-01-00 00:00:00,motox4,DC:BF:E9:C2:19:11,-38,WPA2,0.000000,0.000000,0.000,0.000
2020-03-05 15:51:13,1900-01-00 00:00:00,motox4,DC:BF:E9:C2:19:11,-36,WPA2,0.000000,0.000000,0.000,0.000
2020-03-05 15:51:13,1900-01-00 00:00:00,motox4,DC:BF:E9:C2:19:11,-33,WPA2,0.000000,0.000000,0.000,0.000
2020-03-05 15:51:13,1900-01-00 00:00:00,motox4,DC:BF:E9:C2:19:11,-34,WPA2,0.000000,0.000000,0.000,0.000
2020-03-05 15:51:13,1900-01-00 00:00:00,motox4,DC:BF:E9:C2:19:11,-33,WPA2,0.000000,0.000000,0.000,0.000
2020-03-05 15:51:13,1900-01-00 00:00:00,motox4,DC:BF:E9:C2:19:11,-33,WPA2,0.000000,0.000000,0.000,0.000
2020-03-05 15:51:13,1900-01-00 00:00:00,motox4,DC:BF:E9:C2:19:11,-31,WPA2,0.000000,0.000000,0.000,0.000
2020-03-05 15:51:14,1900-01-00 00:00:00,motox4,DC:BF:E9:C2:19:11,-34,WPA2,0.000000,0.000000,0.000,0.000
2020-03-05 15:51:14,1900-01-00 00:00:00,motox4,DC:BF:E9:C2:19:11,-32,WPA2,0.000000,0.000000,0.000,0.000
2020-03-05 15:51:14,1900-01-00 00:00:00,motox4,DC:BF:E9:C2:19:11,-33,WPA2,0.000000,0.000000,0.000,0.000
2020-03-05 15:51:14,1900-01-00 00:00:00,motox4,DC:BF:E9:C2:19:11,-37,WPA2,0.000000,0.000000,0.000,0.000
2020-03-05 15:51:15,1900-01-00 00:00:00,motox4,DC:BF:E9:C2:19:11,-36,WPA2,0.000000,0.000000,0.000,0.000
2020-03-05 15:51:15,1900-01-00 00:00:00,motox4,DC:BF:E9:C2:19:11,-29,WPA2,0.000000,0.000000,0.000,0.000
2020-03-05 15:51:15,1900-01-00 00:00:00,motox4,DC:BF:E9:C2:19:11,-33,WPA2,0.000000,0.000000,0.000,0.000
2020-03-05 15:51:15,1900-01-00 00:00:00,motox4,DC:BF:E9:C2:19:11,-32,WPA2,0.000000,0.000000,0.000,0.000
2020-03-05 15:51:18,1900-01-00 00:00:00,motox4,DC:BF:E9:C2:19:11,-38,WPA2,0.000000,0.000000,0.000,0.000
2020-03-05 15:51:18,1900-01-00 00:00:00,motox4,DC:BF:E9:C2:19:11,-39,WPA2,0.000000,0.000000,0.000,0.000
2020-03-05 15:51:19,1900-01-00 00:00:00,motox4,DC:BF:E9:C2:19:11,-27,WPA2,0.000000,0.000000,0.000,0.000
2020-03-05 15:51:21,1900-01-00 00:00:00,motox4,DC:BF:E9:C2:19:11,-31,WPA2,0.000000,0.000000,0.000,0.000
2020-03-05 15:51:21,1900-01-00 00:00:00,motox4,DC:BF:E9:C2:19:11,-35,WPA2,0.000000,0.000000,0.000,0.000
2020-03-05 15:51:21,1900-01-00 00:00:00,motox4,DC:BF:E9:C2:19:11,-30,WPA2,0.000000,0.000000,0.000,0.000
2020-03-05 15:51:21,1900-01-00 00:00:00,motox4,DC:BF:E9:C2:19:11,-35,WPA2,0.000000,0.000000,0.000,0.000
2020-03-05 15:51:21,1900-01-00 00:00:00,motox4,DC:BF:E9:C2:19:11,-37,WPA2,0.000000,0.000000,0.000,0.000
2020-03-05 15:51:22,1900-01-00 00:00:00,motox4,DC:BF:E9:C2:19:11,-35,WPA2,0.000000,0.000000,0.000,0.000
2020-03-05 15:51:22,1900-01-00 00:00:00,motox4,DC:BF:E9:C2:19:11,-37,WPA2,0.000000,0.000000,0.000,0.000
2020-03-05 15:51:22,1900-01-00 00:00:00,motox4,DC:BF:E9:C2:19:11,-36,WPA2,0.000000,0.000000,0.000,0.000
2020-03-05 15:51:23,1900-01-00 00:00:00,motox4,DC:BF:E9:C2:19:11,-40,WPA2,0.000000,0.000000,0.000,0.000
2020-03-05 15:51:23,1900-01-00 00:00:00,motox4,DC:BF:E9:C2:19:11,-36,WPA2,0.000000,0.000000,0.000,0.000
2020-03-05 15:51:23,1900-01-00 00:00:00,motox4,DC:BF:E9:C2:19:11,-36,WPA2,0.000000,0.000000,0.000,0.000
2020-03-05 15:51:24,1900-01-00 00:00:00,motox4,DC:BF:E9:C2:19:11,-39,WPA2,0.000000,0.000000,0.000,0.000
2020-03-05 15:51:25,1900-01-00 00:00:00,motox4,DC:BF:E9:C2:19:11,-34,WPA2,0.000000,0.000000,0.000,0.000
2020-03-05 15:51:25,1900-01-00 00:00:00,motox4,DC:BF:E9:C2:19:11,-34,WPA2,0.000000,0.000000,0.000,0.000
2020-03-05 15:51:26,1900-01-00 00:00:00,motox4,DC:BF:E9:C2:19:11,-35,WPA2,0.000000,0.000000,0.000,0.000
2020-03-05 15:51:26,1900-01-00 00:00:00,motox4,DC:BF:E9:C2:19:11,-40,WPA2,0.000000,0.000000,0.000,0.000
2020-03-05 15:51:26,1900-01-00 00:00:00,motox4,DC:BF:E9:C2:19:11,-36,WPA2,0.000000,0.000000,0.000,0.000
2020-03-05 15:51:26,1900-01-00 00:00:00,motox4,DC:BF:E9:C2:19:11,-42,WPA2,0.000000,0.000000,0.000,0.000
2020-03-05 15:51:26,1900-01-00 00:00:00,motox4,DC:BF:E9:C2:19:11,-42,WPA2,0.000000,0.000000,0.000,0.000
2020-03-05 15:51:26,1900-01-00 00:00:00,motox4,DC:BF:E9:C2:19:11,-42,WPA2,0.000000,0.000000,0.000,0.000
2020-03-05 15:51:26,1900-01-00 00:00:00,motox4,DC:BF:E9:C2:19:11,-44,WPA2,0.000000,0.000000,0.000,0.000
2020-03-05 15:51:27,1900-01-00 00:00:00,motox4,DC:BF:E9:C2:19:11,-24,WPA2,0.000000,0.000000,0.000,0.000
2020-03-05 15:51:27,1900-01-00 00:00:00,motox4,DC:BF:E9:C2:19:11,-25,WPA2,0.000000,0.000000,0.000,0.000
2020-03-05 15:51:27,1900-01-00 00:00:00,motox4,DC:BF:E9:C2:19:11,-29,WPA2,0.000000,0.000000,0.000,0.000
2020-03-05 15:51:27,1900-01-00 00:00:00,motox4,DC:BF:E9:C2:19:11,-28,WPA2,0.000000,0.000000,0.000,0.000
2020-03-05 15:51:28,1900-01-00 00:00:00,motox4,DC:BF:E9:C2:19:11,-29,WPA2,0.000000,0.000000,0.000,0.000
2020-03-05 15:51:29,1900-01-00 00:00:00,motox4,DC:BF:E9:C2:19:11,-34,WPA2,0.000000,0.000000,0.000,0.000
2020-03-05 15:51:29,1900-01-00 00:00:00,motox4,DC:BF:E9:C2:19:11,-34,WPA2,0.000000,0.000000,0.000,0.000
2020-03-05 15:51:30,1900-01-00 00:00:00,motox4,DC:BF:E9:C2:19:11,-36,WPA2,0.000000,0.000000,0.000,0.000
2020-03-05 15:51:30,1900-01-00 00:00:00,motox4,DC:BF:E9:C2:19:11,-37,WPA2,0.000000,0.000000,0.000,0.000
2020-03-05 15:51:30,1900-01-00 00:00:00,motox4,DC:BF:E9:C2:19:11,-35,WPA2,0.000000,0.000000,0.000,0.000
2020-03-05 15:51:30,1900-01-00 00:00:00,motox4,DC:BF:E9:C2:19:11,-34,WPA2,0.000000,0.000000,0.000,0.000
2020-03-05 15:51:32,1900-01-00 00:00:00,motox4,DC:BF:E9:C2:19:11,-31,WPA2,0.000000,0.000000,0.000,0.000
2020-03-05 15:51:32,1900-01-00 00:00:00,motox4,DC:BF:E9:C2:19:11,-36,WPA2,0.000000,0.000000,0.000,0.000
2020-03-05 15:51:32,1900-01-00 00:00:00,motox4,DC:BF:E9:C2:19:11,-31,WPA2,0.000000,0.000000,0.000,0.000
2020-03-05 15:51:32,1900-01-00 00:00:00,motox4,DC:BF:E9:C2:19:11,-36,WPA2,0.000000,0.000000,0.000,0.000
2020-03-05 15:51:32,1900-01-00 00:00:00,motox4,DC:BF:E9:C2:19:11,-35,WPA2,0.000000,0.000000,0.000,0.000
2020-03-05 15:51:32,1900-01-00 00:00:00,motox4,DC:BF:E9:C2:19:11,-34,WPA2,0.000000,0.000000,0.000,0.000
2020-03-05 15:51:34,1900-01-00 00:00:00,motox4,DC:BF:E9:C2:19:11,-40,WPA2,0.000000,0.000000,0.000,0.000
2020-03-05 15:51:34,1900-01-00 00:00:00,motox4,DC:BF:E9:C2:19:11,-38,WPA2,0.000000,0.000000,0.000,0.000
2020-03-05 15:51:34,1900-01-00 00:00:00,motox4,DC:BF:E9:C2:19:11,-35,WPA2,0.000000,0.000000,0.000,0.000
2020-03-05 15:51:34,1900-01-00 00:00:00,motox4,DC:BF:E9:C2:19:11,-33,WPA2,0.000000,0.000000,0.000,0.000
2020-03-05 15:51:35,1900-01-00 00:00:00,motox4,DC:BF:E9:C2:19:11,-34,WPA2,0.000000,0.000000,0.000,0.000
2020-03-05 15:51:35,1900-01-00 00:00:00,motox4,DC:BF:E9:C2:19:11,-30,WPA2,0.000000,0.000000,0.000,0.000
2020-03-05 15:51:35,1900-01-00 00:00:00,motox4,DC:BF:E9:C2:19:11,-34,WPA2,0.000000,0.000000,0.000,0.000
2020-03-05 15:51:35,1900-01-00 00:00:00,motox4,DC:BF:E9:C2:19:11,-33,WPA2,0.000000,0.000000,0.000,0.000
2020-03-05 15:51:36,1900-01-00 00:00:00,motox4,DC:BF:E9:C2:19:11,-28,WPA2,0.000000,0.000000,0.000,0.000
2020-03-05 15:51:36,1900-01-00 00:00:00,motox4,DC:BF:E9:C2:19:11,-34,WPA2,0.000000,0.000000,0.000,0.000
2020-03-05 15:51:36,1900-01-00 00:00:00,motox4,DC:BF:E9:C2:19:11,-33,WPA2,0.000000,0.000000,0.000,0.000
2020-03-05 15:51:36,1900-01-00 00:00:00,motox4,DC:BF:E9:C2:19:11,-33,WPA2,0.000000,0.000000,0.000,0.000
2020-03-05 15:51:37,1900-01-00 00:00:00,motox4,DC:BF:E9:C2:19:11,-32,WPA2,0.000000,0.000000,0.000,0.000
2020-03-05 15:51:37,1900-01-00 00:00:00,motox4,DC:BF:E9:C2:19:11,-32,WPA2,0.000000,0.000000,0.000,0.000
2020-03-05 15:51:37,1900-01-00 00:00:00,motox4,DC:BF:E9:C2:19:11,-31,WPA2,0.000000,0.000000,0.000,0.000
2020-03-05 15:51:37,1900-01-00 00:00:00,motox4,DC:BF:E9:C2:19:11,-33,WPA2,0.000000,0.000000,0.000,0.000
2020-03-05 15:51:37,1900-01-00 00:00:00,motox4,DC:BF:E9:C2:19:11,-31,WPA2,0.000000,0.000000,0.000,0.000
2020-03-05 15:51:37,1900-01-00 00:00:00,motox4,DC:BF:E9:C2:19:11,-37,WPA2,0.000000,0.000000,0.000,0.000
2020-03-05 15:51:37,1900-01-00 00:00:00,motox4,DC:BF:E9:C2:19:11,-33,WPA2,0.000000,0.000000,0.000,0.000
2020-03-05 15:51:37,1900-01-00 00:00:00,motox4,DC:BF:E9:C2:19:11,-33,WPA2,0.000000,0.000000,0.000,0.000
2020-03-05 15:51:38,1900-01-00 00:00:00,motox4,DC:BF:E9:C2:19:11,-33,WPA2,0.000000,0.000000,0.000,0.000
2020-03-05 15:51:38,1900-01-00 00:00:00,motox4,DC:BF:E9:C2:19:11,-32,WPA2,0.000000,0.000000,0.000,0.000
2020-03-05 15:51:38,1900-01-00 00:00:00,motox4,DC:BF:E9:C2:19:11,-34,WPA2,0.000000,0.000000,0.000,0.000
2020-03-05 15:51:39,1900-01-00 00:00:00,motox4,DC:BF:E9:C2:19:11,-32,WPA2,0.000000,0.000000,0.000,0.000
2020-03-05 15:51:39,1900-01-00 00:00:00,motox4,DC:BF:E9:C2:19:11,-34,WPA2,0.000000,0.000000,0.000,0.000
2020-03-05 15:51:39,1900-01-00 00:00:00,motox4,DC:BF:E9:C2:19:11,-31,WPA2,0.000000,0.000000,0.000,0.000
2020-03-05 15:51:39,1900-01-00 00:00:00,motox4,DC:BF:E9:C2:19:11,-27,WPA2,0.000000,0.000000,0.000,0.000
2020-03-05 15:51:40,1900-01-00 00:00:00,motox4,DC:BF:E9:C2:19:11,-32,WPA2,0.000000,0.000000,0.000,0.000
2020-03-05 15:51:40,1900-01-00 00:00:00,motox4,DC:BF:E9:C2:19:11,-34,WPA2,0.000000,0.000000,0.000,0.000
2020-03-05 15:51:40,1900-01-00 00:00:00,motox4,DC:BF:E9:C2:19:11,-32,WPA2,0.000000,0.000000,0.000,0.000
2020-03-05 15:51:40,1900-01-00 00:00:00,motox4,DC:BF:E9:C2:19:11,-28,WPA2,0.000000,0.000000,0.000,0.000
2020-03-05 15:51:41,1900-01-00 00:00:00,motox4,DC:BF:E9:C2:19:11,-34,WPA2,0.000000,0.000000,0.000,0.000
2020-03-05 15:51:43,1900-01-00 00:00:00,motox4,DC:BF:E9:C2:19:11,-25,WPA2,0.000000,0.000000,0.000,0.000
2020-03-05 15:51:43,1900-01-00 00:00:00,motox4,DC:BF:E9:C2:19:11,-32,WPA2,0.000000,0.000000,0.000,0.000
2020-03-05 15:51:43,1900-01-00 00:00:00,motox4,DC:BF:E9:C2:19:11,-32,WPA2,0.000000,0.000000,0.000,0.000
2020-03-05 15:51:43,1900-01-00 00:00:00,motox4,DC:BF:E9:C2:19:11,-33,WPA2,0.000000,0.000000,0.000,0.000
2020-03-05 15:51:44,1900-01-00 00:00:00,motox4,DC:BF:E9:C2:19:11,-32,WPA2,0.000000,0.000000,0.000,0.000
2020-03-05 15:51:45,1900-01-00 00:00:00,motox4,DC:BF:E9:C2:19:11,-29,WPA2,0.000000,0.000000,0.000,0.000
2020-03-05 15:51:45,1900-01-00 00:00:00,motox4,DC:BF:E9:C2:19:11,-34,WPA2,0.000000,0.000000,0.000,0.000
2020-03-05 15:51:45,1900-01-00 00:00:00,motox4,DC:BF:E9:C2:19:11,-36,WPA2,0.000000,0.000000,0.000,0.000
2020-03-05 15:51:46,1900-01-00 00:00:00,motox4,DC:BF:E9:C2:19:11,-33,WPA2,0.000000,0.000000,0.000,0.000
2020-03-05 15:51:46,1900-01-00 00:00:00,motox4,DC:BF:E9:C2:19:11,-33,WPA2,0.000000,0.000000,0.000,0.000
2020-03-05 15:51:46,1900-01-00 00:00:00,motox4,DC:BF:E9:C2:19:11,-35,WPA2,0.000000,0.000000,0.000,0.000
2020-03-05 15:51:47,1900-01-00 00:00:00,motox4,DC:BF:E9:C2:19:11,-33,WPA2,0.000000,0.000000,0.000,0.000
2020-03-05 15:51:47,1900-01-00 00:00:00,motox4,DC:BF:E9:C2:19:11,-34,WPA2,0.000000,0.000000,0.000,0.000
2020-03-05 15:51:47,1900-01-00 00:00:00,motox4,DC:BF:E9:C2:19:11,-33,WPA2,0.000000,0.000000,0.000,0.000
2020-03-05 15:51:47,1900-01-00 00:00:00,motox4,DC:BF:E9:C2:19:11,-34,WPA2,0.000000,0.000000,0.000,0.000
2020-03-05 15:51:47,1900-01-00 00:00:00,motox4,DC:BF:E9:C2:19:11,-33,WPA2,0.000000,0.000000,0.000,0.000
2020-03-05 15:51:48,1900-01-00 00:00:00,motox4,DC:BF:E9:C2:19:11,-33,WPA2,0.000000,0.000000,0.000,0.000
2020-03-05 15:51:48,1900-01-00 00:00:00,motox4,DC:BF:E9:C2:19:11,-32,WPA2,0.000000,0.000000,0.000,0.000
2020-03-05 15:51:48,1900-01-00 00:00:00,motox4,DC:BF:E9:C2:19:11,-35,WPA2,0.000000,0.000000,0.000,0.000
2020-03-05 15:51:48,1900-01-00 00:00:00,motox4,DC:BF:E9:C2:19:11,-34,WPA2,0.000000,0.000000,0.000,0.000
2020-03-05 15:51:48,1900-01-00 00:00:00,motox4,DC:BF:E9:C2:19:11,-34,WPA2,0.000000,0.000000,0.000,0.000
2020-03-05 15:51:49,1900-01-00 00:00:00,motox4,DC:BF:E9:C2:19:11,-33,WPA2,0.000000,0.000000,0.000,0.000
2020-03-05 15:51:50,1900-01-00 00:00:00,motox4,DC:BF:E9:C2:19:11,-35,WPA2,0.000000,0.000000,0.000,0.000
2020-03-05 15:51:50,1900-01-00 00:00:00,motox4,DC:BF:E9:C2:19:11,-33,WPA2,0.000000,0.000000,0.000,0.000
2020-03-05 15:51:50,1900-01-00 00:00:00,motox4,DC:BF:E9:C2:19:11,-34,WPA2,0.000000,0.000000,0.000,0.000
2020-03-05 15:51:51,1900-01-00 00:00:00,motox4,DC:BF:E9:C2:19:11,-34,WPA2,0.000000,0.000000,0.000,0.000
2020-03-05 15:51:51,1900-01-00 00:00:00,motox4,DC:BF:E9:C2:19:11,-40,WPA2,0.000000,0.000000,0.000,0.000
2020-03-05 15:51:52,1900-01-00 00:00:00,motox4,DC:BF:E9:C2:19:11,-40,WPA2,0.000000,0.000000,0.000,0.000
2020-03-05 15:51:52,1900-01-00 00:00:00,motox4,DC:BF:E9:C2:19:11,-40,WPA2,0.000000,0.000000,0.000,0.000
2020-03-05 15:51:52,1900-01-00 00:00:00,motox4,DC:BF:E9:C2:19:11,-41,WPA2,0.000000,0.000000,0.000,0.000
2020-03-05 15:51:53,1900-01-00 00:00:00,motox4,DC:BF:E9:C2:19:11,-39,WPA2,0.000000,0.000000,0.000,0.000
2020-03-05 15:51:53,1900-01-00 00:00:00,motox4,DC:BF:E9:C2:19:11,-37,WPA2,0.000000,0.000000,0.000,0.000
2020-03-05 15:51:53,1900-01-00 00:00:00,motox4,DC:BF:E9:C2:19:11,-38,WPA2,0.000000,0.000000,0.000,0.000
2020-03-05 15:51:54,1900-01-00 00:00:00,motox4,DC:BF:E9:C2:19:11,-33,WPA2,0.000000,0.000000,0.000,0.000
2020-03-05 15:51:55,1900-01-00 00:00:00,motox4,DC:BF:E9:C2:19:11,-33,WPA2,0.000000,0.000000,0.000,0.000
2020-03-05 15:51:55,1900-01-00 00:00:00,motox4,DC:BF:E9:C2:19:11,-32,WPA2,0.000000,0.000000,0.000,0.000
2020-03-05 15:51:55,1900-01-00 00:00:00,motox4,DC:BF:E9:C2:19:11,-34,WPA2,0.000000,0.000000,0.000,0.000
2020-03-05 15:51:55,1900-01-00 00:00:00,motox4,DC:BF:E9:C2:19:11,-31,WPA2,0.000000,0.000000,0.000,0.000
2020-03-05 15:51:56,1900-01-00 00:00:00,motox4,DC:BF:E9:C2:19:11,-31,WPA2,0.000000,0.000000,0.000,0.000
2020-03-05 15:51:57,1900-01-00 00:00:00,motox4,DC:BF:E9:C2:19:11,-29,WPA2,0.000000,0.000000,0.000,0.000
2020-03-05 15:51:57,1900-01-00 00:00:00,motox4,DC:BF:E9:C2:19:11,-32,WPA2,0.000000,0.000000,0.000,0.000
2020-03-05 15:51:59,1900-01-00 00:00:00,motox4,DC:BF:E9:C2:19:11,-34,WPA2,0.000000,0.000000,0.000,0.000
2020-03-05 15:52:01,1900-01-00 00:00:00,motox4,DC:BF:E9:C2:19:11,-28,WPA2,0.000000,0.000000,0.000,0.000
2020-03-05 15:52:01,1900-01-00 00:00:00,motox4,DC:BF:E9:C2:19:11,-36,WPA2,0.000000,0.000000,0.000,0.000
2020-03-05 15:52:01,1900-01-00 00:00:00,motox4,DC:BF:E9:C2:19:11,-33,WPA2,0.000000,0.000000,0.000,0.000
2020-03-05 15:52:02,1900-01-00 00:00:00,motox4,DC:BF:E9:C2:19:11,-30,WPA2,0.000000,0.000000,0.000,0.000
2020-03-05 15:52:03,1900-01-00 00:00:00,motox4,DC:BF:E9:C2:19:11,-31,WPA2,0.000000,0.000000,0.000,0.000
2020-03-05 15:52:03,1900-01-00 00:00:00,motox4,DC:BF:E9:C2:19:11,-26,WPA2,0.000000,0.000000,0.000,0.000
2020-03-05 15:52:03,1900-01-00 00:00:00,motox4,DC:BF:E9:C2:19:11,-30,WPA2,0.000000,0.000000,0.000,0.000
2020-03-05 15:52:04,1900-01-00 00:00:00,motox4,DC:BF:E9:C2:19:11,-31,WPA2,0.000000,0.000000,0.000,0.000
2020-03-05 15:52:04,1900-01-00 00:00:00,motox4,DC:BF:E9:C2:19:11,-32,WPA2,0.000000,0.000000,0.000,0.000
2020-03-05 15:52:04,1900-01-00 00:00:00,motox4,DC:BF:E9:C2:19:11,-26,WPA2,0.000000,0.000000,0.000,0.000
2020-03-05 15:52:04,1900-01-00 00:00:00,motox4,DC:BF:E9:C2:19:11,-31,WPA2,0.000000,0.000000,0.000,0.000
2020-03-05 15:52:05,1900-01-00 00:00:00,motox4,DC:BF:E9:C2:19:11,-32,WPA2,0.000000,0.000000,0.000,0.000
2020-03-05 15:52:05,1900-01-00 00:00:00,motox4,DC:BF:E9:C2:19:11,-31,WPA2,0.000000,0.000000,0.000,0.000
2020-03-05 15:52:05,1900-01-00 00:00:00,motox4,DC:BF:E9:C2:19:11,-30,WPA2,0.000000,0.000000,0.000,0.000
2020-03-05 15:52:05,1900-01-00 00:00:00,motox4,DC:BF:E9:C2:19:11,-32,WPA2,0.000000,0.000000,0.000,0.000
